number,probability
23,0.12077689170837402
5,0.11466874182224274
54,0.11447751522064209
51,0.11354135721921921
4,0.1124829426407814
42,0.1122925654053688
28,0.1120816096663475
17,0.11204387992620468
30,0.11182188242673874
13,0.1118069514632225
41,0.11142977327108383
53,0.11076389998197556
52,0.10913891345262527
56,0.1089155375957489
24,0.1085648462176323
32,0.1082434132695198
50,0.10787241905927658
8,0.10722117871046066
12,0.10665643215179443
35,0.10652686655521393
